{
	"format_version": "1.21.6",
	"credit": "zom1nt",
	"texture_size": [64, 64],
	"textures": {
		"0": "item/textureCilindr",
		"particle": "item/textureCilindr"
	},
	"elements": [
		{
			"from": [2, 0, 1],
			"to": [14, 16, 2],
			"rotation": {"angle": 0, "axis": "y", "origin": [7, 0, 1]},
			"faces": {
				"north": {"uv": [0, 8, 3, 12], "texture": "#0"},
				"east": {"uv": [11.75, 0, 12, 4], "texture": "#0"},
				"south": {"uv": [3, 8, 6, 12], "texture": "#0"},
				"west": {"uv": [6, 11.75, 6.25, 15.75], "texture": "#0"},
				"up": {"uv": [11.75, 12, 8.75, 11.75], "texture": "#0"},
				"down": {"uv": [14.75, 11.75, 11.75, 12], "texture": "#0"}
			}
		},
		{
			"from": [2, 0, 14],
			"to": [15, 16, 15],
			"rotation": {"angle": 0, "axis": "y", "origin": [7, 0, 14]},
			"faces": {
				"north": {"uv": [0, 4, 3.25, 8], "texture": "#0"},
				"east": {"uv": [6.25, 11.75, 6.5, 15.75], "texture": "#0"},
				"south": {"uv": [3.25, 4, 6.5, 8], "texture": "#0"},
				"west": {"uv": [6.5, 11.75, 6.75, 15.75], "texture": "#0"},
				"up": {"uv": [14.5, 7.75, 11.25, 7.5], "texture": "#0"},
				"down": {"uv": [14.5, 7.75, 11.25, 8], "texture": "#0"}
			}
		},
		{
			"from": [1, 0, 15],
			"to": [15, 1, 18],
			"rotation": {"angle": 0, "axis": "y", "origin": [7, 0, 15]},
			"faces": {
				"north": {"uv": [11.25, 6.5, 14.75, 6.75], "texture": "#0"},
				"east": {"uv": [12, 3.75, 12.75, 4], "texture": "#0"},
				"south": {"uv": [11.25, 6.75, 14.75, 7], "texture": "#0"},
				"west": {"uv": [4.5, 12, 5.25, 12.25], "texture": "#0"},
				"up": {"uv": [9.5, 11.75, 6, 11], "texture": "#0"},
				"down": {"uv": [13, 11, 9.5, 11.75], "texture": "#0"}
			}
		},
		{
			"from": [-2, 0, 0],
			"to": [1, 1, 16],
			"rotation": {"angle": 0, "axis": "y", "origin": [0, 0, 10]},
			"faces": {
				"north": {"uv": [12, 8.25, 12.75, 8.5], "texture": "#0"},
				"east": {"uv": [11.25, 5.5, 15.25, 5.75], "texture": "#0"},
				"south": {"uv": [12, 8.5, 12.75, 8.75], "texture": "#0"},
				"west": {"uv": [11.25, 5.75, 15.25, 6], "texture": "#0"},
				"up": {"uv": [10.5, 8, 9.75, 4], "texture": "#0"},
				"down": {"uv": [11, 0, 10.25, 4], "texture": "#0"}
			}
		},
		{
			"from": [-2, 0, 16],
			"to": [1, 1, 18],
			"rotation": {"angle": 0, "axis": "y", "origin": [0, 0, 10]},
			"faces": {
				"north": {"uv": [12, 9, 12.75, 9.25], "texture": "#0"},
				"east": {"uv": [12, 10.5, 12.5, 10.75], "texture": "#0"},
				"south": {"uv": [12, 9.25, 12.75, 9.5], "texture": "#0"},
				"west": {"uv": [12, 10.75, 12.5, 11], "texture": "#0"},
				"up": {"uv": [12.75, 1.25, 12, 0.75], "texture": "#0"},
				"down": {"uv": [12.75, 1.25, 12, 1.75], "texture": "#0"}
			}
		},
		{
			"from": [15, 0, 16],
			"to": [18, 1, 18],
			"rotation": {"angle": 0, "axis": "y", "origin": [17, 0, 10]},
			"faces": {
				"north": {"uv": [9.5, 12, 10.25, 12.25], "texture": "#0"},
				"east": {"uv": [11, 12, 11.5, 12.25], "texture": "#0"},
				"south": {"uv": [12, 9.5, 12.75, 9.75], "texture": "#0"},
				"west": {"uv": [11.5, 12, 12, 12.25], "texture": "#0"},
				"up": {"uv": [12.75, 2.25, 12, 1.75], "texture": "#0"},
				"down": {"uv": [12.75, 2.25, 12, 2.75], "texture": "#0"}
			}
		},
		{
			"from": [15, 0, -2],
			"to": [18, 1, 0],
			"rotation": {"angle": 0, "axis": "y", "origin": [17, 0, -8]},
			"faces": {
				"north": {"uv": [12, 9.75, 12.75, 10], "texture": "#0"},
				"east": {"uv": [12, 12, 12.5, 12.25], "texture": "#0"},
				"south": {"uv": [12, 10, 12.75, 10.25], "texture": "#0"},
				"west": {"uv": [0, 12.25, 0.5, 12.5], "texture": "#0"},
				"up": {"uv": [12.75, 3.25, 12, 2.75], "texture": "#0"},
				"down": {"uv": [3.75, 12, 3, 12.5], "texture": "#0"}
			}
		},
		{
			"from": [-2, 0, -2],
			"to": [1, 1, 0],
			"rotation": {"angle": 0, "axis": "y", "origin": [0, 0, -8]},
			"faces": {
				"north": {"uv": [10.25, 12, 11, 12.25], "texture": "#0"},
				"east": {"uv": [0.5, 12.25, 1, 12.5], "texture": "#0"},
				"south": {"uv": [12, 10.25, 12.75, 10.5], "texture": "#0"},
				"west": {"uv": [1, 12.25, 1.5, 12.5], "texture": "#0"},
				"up": {"uv": [12.75, 3.75, 12, 3.25], "texture": "#0"},
				"down": {"uv": [4.5, 12, 3.75, 12.5], "texture": "#0"}
			}
		},
		{
			"from": [15, 0, 0],
			"to": [18, 1, 16],
			"rotation": {"angle": 0, "axis": "y", "origin": [15, 0, 10]},
			"faces": {
				"north": {"uv": [8.75, 12, 9.5, 12.25], "texture": "#0"},
				"east": {"uv": [11.25, 6, 15.25, 6.25], "texture": "#0"},
				"south": {"uv": [12, 8.75, 12.75, 9], "texture": "#0"},
				"west": {"uv": [11.25, 6.25, 15.25, 6.5], "texture": "#0"},
				"up": {"uv": [11.25, 8, 10.5, 4], "texture": "#0"},
				"down": {"uv": [11.75, 0, 11, 4], "texture": "#0"}
			}
		},
		{
			"from": [1, 0, -2],
			"to": [15, 1, 1],
			"rotation": {"angle": 0, "axis": "y", "origin": [7, 0, 0]},
			"faces": {
				"north": {"uv": [11.25, 7, 14.75, 7.25], "texture": "#0"},
				"east": {"uv": [5.25, 12, 6, 12.25], "texture": "#0"},
				"south": {"uv": [11.25, 7.25, 14.75, 7.5], "texture": "#0"},
				"west": {"uv": [12, 8, 12.75, 8.25], "texture": "#0"},
				"up": {"uv": [14.75, 4.75, 11.25, 4], "texture": "#0"},
				"down": {"uv": [14.75, 4.75, 11.25, 5.5], "texture": "#0"}
			}
		},
		{
			"from": [14, 0, 1],
			"to": [15, 16, 14],
			"rotation": {"angle": 0, "axis": "y", "origin": [14, 0, 9]},
			"faces": {
				"north": {"uv": [6.75, 11.75, 7, 15.75], "texture": "#0"},
				"east": {"uv": [6.5, 4, 9.75, 8], "texture": "#0"},
				"south": {"uv": [7, 11.75, 7.25, 15.75], "texture": "#0"},
				"west": {"uv": [7, 0, 10.25, 4], "texture": "#0"},
				"up": {"uv": [8.5, 15, 8.25, 11.75], "texture": "#0"},
				"down": {"uv": [8.75, 11.75, 8.5, 15], "texture": "#0"}
			}
		},
		{
			"from": [1, 0, 1],
			"to": [2, 16, 15],
			"rotation": {"angle": 0, "axis": "y", "origin": [1, 0, 9]},
			"faces": {
				"north": {"uv": [7.25, 11.75, 7.5, 15.75], "texture": "#0"},
				"east": {"uv": [0, 0, 3.5, 4], "texture": "#0"},
				"south": {"uv": [7.5, 11.75, 7.75, 15.75], "texture": "#0"},
				"west": {"uv": [3.5, 0, 7, 4], "texture": "#0"},
				"up": {"uv": [8, 15.25, 7.75, 11.75], "texture": "#0"},
				"down": {"uv": [8.25, 11.75, 8, 15.25], "texture": "#0"}
			}
		},
		{
			"from": [2, 15, 2],
			"to": [14, 16, 14],
			"rotation": {"angle": 0, "axis": "y", "origin": [7, 7, 9]},
			"faces": {
				"north": {"uv": [0, 12, 3, 12.25], "texture": "#0"},
				"east": {"uv": [12, 0, 15, 0.25], "texture": "#0"},
				"south": {"uv": [12, 0.25, 15, 0.5], "texture": "#0"},
				"west": {"uv": [12, 0.5, 15, 0.75], "texture": "#0"},
				"up": {"uv": [9, 11, 6, 8], "texture": "#0"},
				"down": {"uv": [12, 8, 9, 11], "texture": "#0"}
			}
		}
	],
	"display": {
		"thirdperson_righthand": {
			"scale": [0.5, 0.5, 0.5]
		},
		"thirdperson_lefthand": {
			"scale": [0.5, 0.5, 0.5]
		},
		"firstperson_righthand": {
			"scale": [0.5, 0.5, 0.5]
		},
		"firstperson_lefthand": {
			"scale": [0.5, 0.5, 0.5]
		},
		"ground": {
			"translation": [0, 3, 0],
			"scale": [0.5, 0.5, 0.5]
		},
		"gui": {
			"rotation": [9.71, -11.8, 2.02],
			"scale": [0.5, 0.5, 0.5]
		},
		"head": {
			"rotation": [5, 0, 0],
			"translation": [0, 11.75, 0.75]
		},
		"fixed": {
			"scale": [0.8, 0.8, 0.8]
		}
	}
}