{
	"format_version": "1.21.6",
	"credit": "Made with Blockbench",
	"texture_size": [32, 32],
	"textures": {
		"0": "item/mask_lolo",
		"particle": "item/mask_lolo"
	},
	"elements": [
		{
			"from": [4, 1, 1],
			"to": [12, 9, 1],
			"rotation": {"angle": 0, "axis": "y", "origin": [7, 1, 1]},
			"faces": {
				"north": {"uv": [0, 0, 4, 4], "texture": "#0"},
				"east": {"uv": [0, 0, 0, 4], "texture": "#0"},
				"south": {"uv": [0, 4, 4, 8], "texture": "#0"},
				"west": {"uv": [0, 0, 0, 4], "texture": "#0"},
				"up": {"uv": [4, 0, 0, 0], "texture": "#0"},
				"down": {"uv": [4, 0, 0, 0], "texture": "#0"}
			}
		},
		{
			"from": [4, 1, 1],
			"to": [12, 1, 3],
			"rotation": {"angle": 0, "axis": "y", "origin": [7, 1, 1]},
			"faces": {
				"north": {"uv": [0, 0, 4, 0], "texture": "#0"},
				"east": {"uv": [0, 0, 1, 0], "texture": "#0"},
				"south": {"uv": [0, 0, 4, 0], "texture": "#0"},
				"west": {"uv": [0, 0, 1, 0], "texture": "#0"},
				"up": {"uv": [8, 1, 4, 0], "texture": "#0"},
				"down": {"uv": [8, 1, 4, 2], "texture": "#0"}
			}
		},
		{
			"from": [4, 4, 1],
			"to": [4, 9, 3],
			"rotation": {"angle": 0, "axis": "y", "origin": [0, 1, 0]},
			"faces": {
				"north": {"uv": [0, 0, 0, 2.5], "texture": "#0"},
				"east": {"uv": [3, 8, 4, 10.5], "texture": "#0"},
				"south": {"uv": [0, 0, 0, 2.5], "texture": "#0"},
				"west": {"uv": [4, 8, 5, 10.5], "texture": "#0"},
				"up": {"uv": [0, 1, 0, 0], "texture": "#0"},
				"down": {"uv": [0, 0, 0, 1], "texture": "#0"}
			}
		},
		{
			"from": [4, 4, 3],
			"to": [4, 6, 9],
			"rotation": {"angle": 0, "axis": "y", "origin": [0, 1, 2]},
			"faces": {
				"north": {"uv": [0, 0, 0, 1], "texture": "#0"},
				"east": {"uv": [6, 5, 9, 6], "texture": "#0"},
				"south": {"uv": [0, 0, 0, 1], "texture": "#0"},
				"west": {"uv": [4, 7, 7, 8], "texture": "#0"},
				"up": {"uv": [0, 3, 0, 0], "texture": "#0"},
				"down": {"uv": [0, 0, 0, 3], "texture": "#0"}
			}
		},
		{
			"from": [12, 4, 3],
			"to": [12, 6, 9],
			"rotation": {"angle": 0, "axis": "y", "origin": [8, 1, 2]},
			"faces": {
				"north": {"uv": [0, 0, 0, 1], "texture": "#0"},
				"east": {"uv": [7, 7, 10, 8], "texture": "#0"},
				"south": {"uv": [0, 0, 0, 1], "texture": "#0"},
				"west": {"uv": [0, 8, 3, 9], "texture": "#0"},
				"up": {"uv": [0, 3, 0, 0], "texture": "#0"},
				"down": {"uv": [0, 0, 0, 3], "texture": "#0"}
			}
		},
		{
			"from": [12, 1, 1],
			"to": [12, 9, 3],
			"rotation": {"angle": 0, "axis": "y", "origin": [8, 1, 0]},
			"faces": {
				"north": {"uv": [0, 0, 0, 4], "texture": "#0"},
				"east": {"uv": [4, 2, 5, 6], "texture": "#0"},
				"south": {"uv": [0, 0, 0, 4], "texture": "#0"},
				"west": {"uv": [5, 2, 6, 6], "texture": "#0"},
				"up": {"uv": [0, 1, 0, 0], "texture": "#0"},
				"down": {"uv": [0, 0, 0, 1], "texture": "#0"}
			}
		},
		{
			"from": [4, 9, 1],
			"to": [12, 9, 3],
			"rotation": {"angle": 0, "axis": "y", "origin": [6, 1, 1]},
			"faces": {
				"north": {"uv": [0, 0, 4, 0], "texture": "#0"},
				"east": {"uv": [0, 0, 1, 0], "texture": "#0"},
				"south": {"uv": [0, 0, 4, 0], "texture": "#0"},
				"west": {"uv": [0, 0, 1, 0], "texture": "#0"},
				"up": {"uv": [10, 3, 6, 2], "texture": "#0"},
				"down": {"uv": [10, 3, 6, 4], "texture": "#0"}
			}
		},
		{
			"from": [4, 0.75, 0.75],
			"to": [6, 4, 3],
			"rotation": {"angle": 0, "axis": "y", "origin": [0, 1, 0]},
			"faces": {
				"north": {"uv": [8, 0, 9, 1.5], "texture": "#0"},
				"east": {"uv": [5, 8, 6, 9.5], "texture": "#0"},
				"south": {"uv": [6, 8, 7, 9.5], "texture": "#0"},
				"west": {"uv": [7, 8, 8, 9.5], "texture": "#0"},
				"up": {"uv": [9, 7, 8, 6], "texture": "#0"},
				"down": {"uv": [3, 9, 2, 10], "texture": "#0"}
			}
		},
		{
			"from": [10, 0.75, 0.75],
			"to": [12, 4, 3],
			"rotation": {"angle": 0, "axis": "y", "origin": [6, 1, 0]},
			"faces": {
				"north": {"uv": [8, 8, 9, 9.5], "texture": "#0"},
				"east": {"uv": [0, 9, 1, 10.5], "texture": "#0"},
				"south": {"uv": [9, 0, 10, 1.5], "texture": "#0"},
				"west": {"uv": [1, 9, 2, 10.5], "texture": "#0"},
				"up": {"uv": [10, 6, 9, 5], "texture": "#0"},
				"down": {"uv": [10, 6, 9, 7], "texture": "#0"}
			}
		},
		{
			"from": [4, 4, 9],
			"to": [12, 6, 9],
			"rotation": {"angle": 0, "axis": "y", "origin": [4, 4, 7]},
			"faces": {
				"north": {"uv": [4, 6, 8, 7], "texture": "#0"},
				"east": {"uv": [0, 0, 0, 1], "texture": "#0"},
				"south": {"uv": [6, 4, 10, 5], "texture": "#0"},
				"west": {"uv": [0, 0, 0, 1], "texture": "#0"},
				"up": {"uv": [4, 0, 0, 0], "texture": "#0"},
				"down": {"uv": [4, 0, 0, 0], "texture": "#0"}
			}
		}
	],
	"display": {
		"thirdperson_righthand": {
			"rotation": [28, 0, 0],
			"translation": [0, 0, 5.5],
			"scale": [0.8, 0.8, 0.8]
		},
		"thirdperson_lefthand": {
			"rotation": [21, 0, 0],
			"translation": [0, -0.5, 5.25],
			"scale": [0.8, 0.8, 0.8]
		},
		"firstperson_righthand": {
			"rotation": [-40, 124, 7],
			"translation": [4.5, 3, 0]
		},
		"firstperson_lefthand": {
			"rotation": [-42, 133, 34],
			"translation": [5.25, 1.5, 0]
		},
		"ground": {
			"rotation": [90, 0, 0],
			"translation": [0, -2.25, 0]
		},
		"gui": {
			"rotation": [19, -138, 0],
			"translation": [-2.5, 4.5, 0]
		},
		"head": {
			"translation": [0, 5.75, 5],
			"scale": [1.78, 1.78, 1.78]
		},
		"fixed": {
			"translation": [0, 2.75, 5]
		},
		"on_shelf": {
			"rotation": [0, 180, 0],
			"translation": [0, 0, -7.75]
		}
	}
}