{
    "providers": [
        {
            "type": "bitmap",
            "file": "minecraft:font/logo.png",
            "ascent": 25,
            "height": 50,
            "chars": [
                "\u00C5"
            ]
        },

        {
            "type": "bitmap",
            "file": "minecraft:font/admin.png",
            "ascent": 11,
            "height": 14,
            "chars": [
                "\u00E5"
            ]
        },

        {
            "type": "bitmap",
            "file": "minecraft:font/member.png",
            "ascent": 11,
            "height": 14,
            "chars": [
                "\u00C4"
            ]
        },
        {
            "type": "bitmap",
            "file": "minecraft:font/playeronline.png",
            "ascent": 8,
            "height": 9,
            "chars": [
                "\u0114"
            ]
        },

        {
            "type": "bitmap",
            "file": "minecraft:font/ping.png",
            "ascent": 8,
            "height": 9,
            "chars": [
                "\u00F6"
            ]
        }
        
    ]
}
